Data engineer,510,531,539,550,555,563,699,738,751,879,898
Head of data engineering,513,532,541,553,557,563,701,741,753,881,899
Lead data engineer,512,532,541,552,557,565,700,740,752,880,899
Senior data engineer,511,531,540,551,556,564,700,739,752,879,899
Data scientist,448,544,572,596,604,756,924
Head of data science,448,544,572,597,605,755,924
Junior data scientist,447,543,571,595,603,755,923
Senior data scientist,449,545,573,596,604,756,925
Trainee data scientist,446,542,570,594,602,754,922
Associate performance analyst,495,622,722,890,918,939,942,958
Head of performance analysis,497,625,725,893,921,940,945,961
Lead performance analyst,497,625,725,893,921,941,945,961
Performance analyst,495,623,723,891,919,940,943,959
Senior performance analyst,496,624,724,892,920,940,944,960
Business relationship manager,450,467,519,719,788,799,802,807,835,875,955
Lead business relationship manager,450,469,520,720,789,800,803,808,836,876,957
Senior business relationship manager,450,468,519,720,788,799,803,807,835,876,956
Change and release analyst,451,454,483,499,518,522,650,718,730,798,802,874,954
Change and release manager,453,455,485,500,519,522,651,719,731,799,802,875,955
Configuration analyst,451,454,482,499,518,522,650,718,730,798,802,874,954
Head of command and control,452,456,484,500,520,523,652,720,732,800,804,877,957
Operational control manager,451,455,484,500,520,523,652,720,731,800,803,876,956
Operations analyst,450,455,482,499,519,522,650,719,730,799,802,874,955
Senior operations analyst,451,455,483,499,519,522,651,719,731,799,802,875,955
Associate engineer - application operations,650,718,730,954
Engineer - application operations,451,455,482,518,650,719,730,799,802,870,874,898,955
Lead engineer - application operations,451,455,484,519,652,720,731,799,803,872,875,900,956
Principal engineer - application operations,452,456,484,520,652,720,732,800,804,873,876,901,956
Senior engineer - application operations,451,455,483,519,651,719,731,799,802,871,875,899,955
Associate engineer - end user computing,650,718,730,806,954
Engineer - end user computing,451,482,518,650,719,730,799,802,806,870,874,898,955
Lead engineer - end user computing,451,484,519,652,720,731,799,803,807,872,875,900,956
Principal engineer - end user computing,452,484,520,652,720,732,800,804,808,873,875,901,957
Senior engineer - end user computing,451,483,519,651,719,731,799,802,807,871,875,899,955
Associate engineer - infrastructure operations,650,718,730,954
Engineer - infrastructure operations,451,455,482,486,518,650,719,730,799,802,870,874,898,955
Lead engineer - infrastructure operations,451,455,484,487,519,652,720,731,799,803,872,875,900,956
Principal engineer - infrastructure operations,452,456,484,487,520,652,720,732,800,804,873,876,901,957
Senior engineer - infrastructure operations,451,455,483,486,519,651,719,731,799,802,871,875,899,955
Incident manager,450,454,482,499,518,522,651,719,731,799,802,874,955
Major incident manager,450,455,483,500,519,523,652,720,731,800,802,875,956
Head of IT service management,453,468,520,720,789,801,805,808,837,876,957
IT service analyst,450,466,518,719,787,798,802,807,835,874,955
IT service manager,451,467,519,719,787,800,803,807,835,875,955
Senior IT service manager,452,468,520,720,788,800,804,808,836,875,956
Problem analyst,450,455,482,499,519,522,651,719,731,799,802,874,955
Problem manager,450,455,483,500,520,523,652,720,732,800,802,875,955
Head of service desk,450,520,529,720,732,800,803,809,875,957
Senior service desk analyst,450,519,528,719,730,799,802,807,874,955
Service desk analyst,450,518,527,719,798,807,874,954
Service desk manager,450,519,529,720,731,799,803,808,875,956
Lead service transition manager,451,456,484,500,519,522,651,720,731,801,803,875,956
Service acceptance analyst,450,454,482,498,519,522,650,718,730,799,802,874,955
Service readiness analyst,450,455,483,499,519,522,650,719,730,799,802,874,955
Service transition manager,451,455,483,499,519,522,651,719,731,800,803,875,955
Business analyst,432,463,472,475,479,592,611,663,703,783,823,903,955
Junior business analyst,431,462,471,474,478,591,610,662,702,782,822,902,954
Principal business analyst - management,432,464,472,477,481,593,612,664,705,784,825,904,956
Principal business analyst - specialist,433,465,473,477,481,593,612,664,705,785,825,904,957
Senior business analyst,432,464,472,476,480,592,612,664,704,784,824,904,956
Associate delivery manager,427,491,507,630,678,691,695,726,862
Delivery manager,428,491,508,631,679,693,696,728,863
Head of (agile) delivery management,429,493,509,632,681,693,697,729,865
Senior delivery manager,429,492,509,632,680,693,697,729,864
Associate product manager,430,586,622,634,678,714,743,746,843,955
Head of product,433,589,625,636,681,717,745,749,845,957
Lead product manager,433,589,625,636,680,717,745,749,845,957
Product manager,432,587,623,636,679,716,744,748,844,956
Senior product manager,433,588,624,636,681,717,745,749,844,957
Programme delivery manager,429,493,501,509,633,681,693,697,729
Service owner,433,588,637,680,717,745,747,845,957
Lead QAT analyst,641,711,868,897
QAT analyst,639,710,866,895
Senior QAT analyst,640,712,868,896
Tester (QAT),638,710,866,894
Lead test engineer,641,713,869,896
Senior test engineer,640,712,868,896
Test engineer,639,711,867,895
Tester (test engineer),638,710,866,894
Head of test,640,710,868,896
Test manager,640,710,868,896
Chief data architect,513,531,536,549,552,565,577,701,741,841,913
Data architect,511,531,534,547,550,563,575,699,739,838,911
Senior data architect,512,531,535,548,551,564,576,700,740,839,912
Apprentice DevOps,454,658,706,758,766,810
DevOps,455,598,660,707,760,768,812,851,855,955
Junior DevOps,454,659,707,759,767,811,850,854,954
Lead DevOps,455,599,660,709,760,768,813,852,857,956
Lead DevOps - management,456,600,660,709,760,768,812,852,856,956
Principal DevOps,456,600,661,709,760,769,813,852,857,956
Principal DevOps - management,457,601,661,709,760,769,812,852,856,956
Senior DevOps,455,599,660,708,760,768,813,852,856,956
Senior DevOps - management,456,600,660,708,760,768,812,852,856,956
Associate infrastructure engineer,658,666,706,718,734,850,854,882,906
Infrastructure engineer,486,658,667,707,719,734,799,851,855,883,898,907
Lead infrastructure engineer,487,660,669,709,720,735,799,852,857,885,900,909
Principal infrastructure engineer,487,660,668,709,720,736,800,853,857,884,901,909
Senior infrastructure engineer,486,659,668,708,719,735,799,852,856,884,899,908
Associate network architect,646,671,851,858,886,907
Lead network architect,649,673,853,860,889,908
Network architect,648,672,852,860,888,908
Lead security architect,436,516,584,608,792,821,932
Principal security architect,437,517,585,609,792,821,933
Security architect,435,516,583,607,791,819,931
Apprentice developer,454,658,706,759,766,810,954
Developer,455,598,660,708,760,768,811,851,855,956
Junior developer,454,659,707,759,767,811,850,854,954
Lead developer,455,599,660,709,761,768,812,852,856,956
Lead developer - management,456,600,660,709,760,768,812,852,856,956
Principal developer,455,600,661,709,761,769,812,853,856,956
Principal developer - management,456,601,661,709,760,769,812,853,856,956
Senior developer,455,599,660,708,760,768,812,852,856,956
Senior developer - management,456,599,660,708,760,768,812,852,856,956
Associate technical architect,459,642,686,826,915,934
Lead technical architect,461,644,688,828,917,936
Principal technical architect,461,645,689,829,917,937
Senior technical architect,460,644,687,827,916,935
Technical architect,459,643,687,827,915,935
Associate content designer,431,766,822,834,950,954
Content designer,432,767,823,836,951,955
Head of content design,433,766,825,837,953,957
Junior content designer,431,766,822,835,950,954
Lead content designer,433,767,825,837,953,957
Senior content designer,432,768,824,837,952,956
Content strategist,432,767,825,837,952,957
Associate graphic designer,430,498,502,590,614,674,766,770,834,955
Graphic designer,431,500,504,591,616,675,768,772,836,956
Head of graphic design,433,501,505,593,617,677,769,772,837,957
Junior graphic designer,430,499,503,591,615,674,767,771,835,955
Lead graphic designer,433,500,505,592,617,677,769,772,837,957
Senior graphic designer,432,500,504,592,617,676,769,772,837,957
Associate interaction designer,430,498,502,590,614,674,766,770,955
Head of interaction design,433,501,505,593,617,625,677,769,772,837,957
Interaction designer,431,500,504,591,616,623,675,768,772,835,956
Junior interaction designer,430,499,503,591,615,622,674,767,771,834,955
Lead interaction designer,433,500,505,592,617,624,677,769,773,837,957
Senior interaction designer,432,500,504,592,617,623,676,769,773,836,957
Associate service designer,430,498,502,590,614,626,674,766,770,834,955
Head of service design,433,501,505,593,617,625,629,677,769,771,837,957
Junior service designer,430,499,503,591,615,622,626,674,767,770,835,955
Lead service design,433,500,505,592,617,624,629,677,769,771,837,957
Senior service designer,432,500,504,592,617,623,628,676,769,772,837,957
Service designer,431,500,504,591,616,623,627,675,768,771,836,956
Lead technical writer,432,767,825,837,876,953,957
Technical writer,432,767,824,837,876,952,957
Associate user researcher,438,654,794,814,830,874,946
Head of user research,441,657,797,817,833,876,949
Junior user researcher,439,654,795,814,830,874,946
Lead user researcher,441,656,797,816,832,876,948
Senior user researcher,440,656,796,815,831,876,948
User researcher,439,655,795,815,831,875,947
